<?xml version="1.0" encoding="utf-8"?>
<openerp>
    <data>
        <record id="psms_account_invoice_form" model="ir.ui.view">
            <field name="name">psms.account.invoice.form</field>
            <field name="model">account.invoice</field>
            <field name="inherit_id" ref="account.invoice_form" />
            <field eval="17" name="priority"/>
            <field name="type">form</field>
            <field name="arch" type="xml">
                <xpath expr="//field[@name='origin']" position="after">
					<field name="so_count" />
                </xpath>
            </field>
        </record>
    </data>
</openerp>