<?xml version="1.0" encoding="utf-8"?>
<openerp>
    <data>
        <record id="fleet_vehicle_psms_form_view" model="ir.ui.view">
            <field name="name">psms.fleet_vehicle_psms_form_view</field>
            <field name="model">fleet.vehicle</field>
            <field name="inherit_id" ref="fleet.fleet_vehicle_form" />
            <field eval="17" name="priority"/>
            <field name="type">form</field>
            <field name="arch" type="xml">
                <xpath expr="//field[@name='driver_id']" position="before">
					<field name="partner" />
                </xpath>
            </field>
        </record>
        <record id="view_partner_psms_form" model="ir.ui.view">
            <field name="name">psms.view_partner_psms_form</field>
            <field name="model">res.partner</field>
            <field name="inherit_id" ref="base.view_partner_form" />
            <field eval="17" name="priority"/>
            <field name="type">form</field>
            <field name="arch" type="xml">
                <xpath expr="//page[@name='sales_purchases']" position="after">
					<page name="fleet" string="Parc automobile" >
						<field name="vehicles" widget="many2many"/>
					</page>
                </xpath>
            </field>
        </record>
    </data>
</openerp>