<?xml version="1.0" encoding="utf-8"?>
<openerp>
    <data>

        <record id="sale_psms_form_view" model="ir.ui.view">
            <field name="name">psms.sale_psms_form_view</field>
            <field name="model">sale.order</field>
            <field name="inherit_id" ref="sale.view_order_form" />
            <field eval="17" name="priority"/>
            <field name="type">form</field>
            <field name="arch" type="xml">
                <xpath expr="//field[@name='partner_id']" position="after">
					<field name="delivery_order_ref" /> 
                	<field name="vehicle" domain="[('partner.id','=',partner_id)]"/>
                </xpath>
                <xpath expr="//page[@string='Order Lines']" position="after">
                	<page string="Bons d'échange donnés">
						<field name="vouchers_delivered">
							<tree string="Bons d'échange donnés" editable="bottom">
								<field name="name" />
								<field name="product" />
								<field name="uom" />
								<field name="quantity" />
								<field name="price_unit" />
								<field name="taxes" widget="many2many_tags" domain="[('parent_id','=',False),('type_tax_use','&lt;&gt;','purchase')]"/>
								<field name="price_total" sum="Total"/>
							</tree>
						</field>
					</page>
                	<page string="Bons d'échange reçus">
						<field name="vouchers_taken" widget="many2many" options="{'no_create': True}" domain="[('sale_order_taken','=',False)]">
							<tree string="Bons d'échange reçus" editable="bottom">
								<field name="name" readonly="True"/>
								<field name="price_total" sum="Total" readonly="True"/>
							</tree>
						</field>
					</page>
                </xpath>
			</field>
        </record>

        <record id="sale_session_view_tree" model="ir.ui.view">
            <field name="name">sale.session.tree</field>
            <field name="model">sale.session</field>
            <field name="priority">4</field>
            <field name="arch" type="xml">
                <tree string="Sessions" colors="red:state=='except';grey:state=='done';blue:state=='draft'">
					<field name="name" />
                    <field name="date"/>
                    <field name="total_sales" sum="Total"/>
                    <field name="state"/>
                </tree>
            </field>
        </record>

		<record id="action_session" model="ir.actions.act_window">
            <field name="name">Sessions</field>
            <field name="type">ir.actions.act_window</field>
            <field name="res_model">sale.session</field>
            <field name="view_type">form</field>
            <field name="view_id" ref="psms.sale_session_view_tree"/>
            <field name="view_mode">tree,form,calendar,graph</field>
        </record>

		<record id="view_session_form" model="ir.ui.view">
            <field name="name">sale.session.form</field>
            <field name="model">sale.session</field>
            <field name="arch" type="xml">
                <form string="Session">
                    <header>
						<button name="action_import_data" string="Importer les données" type="object" groups="base.group_user" attrs="{'invisible': [('state', '!=', 'draft')]}"/>
						<button name="action_confirm" string="Confirmer" type="object" class="oe_highlight" groups="base.group_user" attrs="{'invisible': [('state', '!=', 'draft')]}"/>
						<button name="action_force" string="Forcer la clotûre" type="object" class="oe_highlight" groups="base.group_user" attrs="{'invisible': [('state', '!=', 'except')]}" confirm="Any residual quantity will be processed as stock loss. Do you want to continue?"/>
                        <field name="state" widget="statusbar" statusbar_visible="draft,except,done"/>
                </header>
                <sheet>
                    <h1>
                        <label string="Session "/>
                        <field name="name" class="oe_inline"/>
                    </h1>
                    <group>
                        <group>
                            <field name="date"/>
							<field name="responsable" />
                        </group>
                        <group>
                            <field name="warehouse"/>
                        </group>
                    </group>
                    <notebook>
                        <page string="Log">
                            <field name="logs">
                                <tree string="Log" create="false" delete="false" editable="bottom">
				                    <field name="pump" readonly="True"/>
				                    <field name="old_counter" readonly="True"/>
				                    <field name="new_counter"/>
				                    <field name="diff"/>
				                    <field name="electric_counter"/>
                                </tree>
                            </field>
                        </page>
                        <page string="Commandes">
                            <field name="sale_orders" widget="many2many" domain="[('session','=',False),('date_order','&gt;=',date)]">
                                <tree string="Commandes">
				                    <field name="name"/>
				                    <field name="partner_id"/>
				                    <field name="user_id"/>
				                    <field name="amount_total" sum="Total Tax Included"/>
				                    <field name="state"/>
                                </tree>
                            </field>
							<label for="client_lines" />
                            <field name="client_lines">
                                <tree string="Lignes par client" create="false" delete="false" editable="bottom">
				                    <field name="partner"/>
				                    <field name="order_count" sum="Nombre total"/>
				                    <field name="sale_qty" sum="Total"/>
                                </tree>
                            </field>
                        </page>
                    </notebook>
					<h1><label for="lines" /></h1>
					<field name="lines">
						<tree colors="red:diff_qty!=0" create="false" delete="false" editable="bottom">
							<field name="product" />
							<field name="log_qty" />
							<field name="sale_qty" />
							<field name="diff_qty" />
						</tree>
					</field>
                    <group class="oe_subtotal_footer oe_right" colspan="2" name="sale_total">
                        <field name="fuel_sales" widget='monetary' />
                        <field name="other_sales" widget='monetary' />
                        <div class="oe_subtotal_footer_separator oe_inline">
                            <label for="total_sales" />
						</div>
                        <field name="total_sales" nolabel="1" class="oe_subtotal_footer_separator" widget='monetary'/>
                    </group>
                    <div class="oe_clear"/>
                    <field name="note" class="oe_inline" placeholder="Notes..."/>
                </sheet>
                <div class="oe_chatter">
                    <field name="message_follower_ids" widget="mail_followers" groups="base.group_user"/>
                    <field name="message_ids" widget="mail_thread"/>
                </div>
                </form>
            </field>
        </record>

        <menuitem id="menu_session" action="action_session" parent="base.menu_sales" sequence="10" groups="base.group_sale_salesman"/>
    </data>
</openerp>